rep_id,rep_name,contact_number,email
1,"Jens Tilling",+4427785481,jtilling0@smh.com.au
10,"Sholom Fidelus",+4404117075,sfidelus9@free.fr
11,"Philis Vasilchenko",+4424702875,pvasilchenkoa@reuters.com
12,"Meagan Kensitt",+4431588985,mkensittb@woothemes.com
13,"Bendicty Billam",+4487076135,bbillamc@loc.gov
14,"Marve Pletts",+4478892293,mplettsd@twitpic.com
15,"Harrie Ziebart",+4444874686,hziebarte@mapy.cz
16,"Zitella D'Alesio",+4481394180,zdalesiof@telegraph.co.uk
17,"Glenine Sloper",+4408633914,gsloperg@wordpress.org
18,"Cello Fellgett",+4470866665,cfellgetth@jigsy.com
19,"Wait Ellissen",+4499650838,wellisseni@eventbrite.com
2,"Kelly Gettings",+4483754885,kgettings1@sakura.ne.jp
20,"Aldric Kelly",+4492361074,akellyj@nih.gov
21,"Teri Keough",+4467815790,tkeoughk@goodreads.com
22,"Casper Broscombe",+4480013101,cbroscombel@1und1.de
23,"Betsy Bome",+4440406761,bbomem@sciencedirect.com
24,"Bendite Denisovo",+4450787871,bdenisovon@trellian.com
25,"Lawrence Rait",+4462521075,lraito@zimbio.com
26,"Nicolette Reicharz",+4427552537,nreicharzp@google.com.br
27,"Cary Thatcham",+4469713401,cthatchamq@smugmug.com
28,"Mannie Ferriby",+4423364394,mferribyr@aboutads.info
29,"Tory Stansby",+4455968394,tstansbys@earthlink.net
3,"Halette Wilsee",+4468416367,hwilsee2@oakley.com
30,"Edwin Hilling",+4406599981,ehillingt@marriott.com
31,"Devland Treswell",+4496244195,dtreswellu@opera.com
32,"Ahmed Jeyness",+4434132157,ajeynessv@hud.gov
33,"Rhea Bayldon",+4430382508,rbayldonw@alibaba.com
34,"Valeda Fransson",+4464265126,vfranssonx@reference.com
35,"Basia Berzins",+4485810546,bberzinsy@soup.io
36,"Oren Goodhand",+4405613072,ogoodhandz@comsenz.com
37,"Dewey Meaking",+4463602085,dmeaking10@mit.edu
38,"Vite Preto",+4495690039,vpreto11@ft.com
39,"Tiffani Woollett",+4420232183,twoollett12@upenn.edu
4,"Cornelius Gricewood",+4433327274,cgricewood3@cyberchimps.com
40,"Dre Flowith",+4445384678,dflowith13@istockphoto.com
41,"Marcille Reinbeck",+4400548391,mreinbeck14@zdnet.com
42,"Sheena Phoenix",+4422579445,sphoenix15@symantec.com
43,"Kissie Muzzollo",+4408135863,kmuzzollo16@wikispaces.com
44,"Betti Endacott",+4416361803,bendacott17@time.com
45,"Jude Daouze",+4400625159,jdaouze18@zdnet.com
46,"Dasya Littlefield",+4425736303,dlittlefield19@yahoo.co.jp
47,"Lindon Fooks",+4499411758,lfooks1a@noaa.gov
48,"Arlie Skpsey",+4433270459,askpsey1b@bbc.co.uk
49,"Roanne Slany",+4492175472,rslany1c@pen.io
5,"Fidelia Robjant",+4469732067,frobjant4@unicef.org
50,"Andonis Berr",+4439534384,aberr1d@printfriendly.com
6,"Benoit Malyan",+4465644131,bmalyan5@angelfire.com
7,"Marlowe Lujan",+4447691370,mlujan6@list-manage.com
8,"Marysa Poznan",+4463685049,mpoznan7@japanpost.jp
9,"Base Broske",+4434147220,bbroske8@apple.com
